usage_id,date,menu_item,ingredient,quantity_used,unit,production_reference,raw_id
USG-0001,2026-09-27,Chai,Tea Leaves,0.5,kg,EOD-2026-09-27,RAW-20260925-001
USG-0002,2026-09-27,Chai,Sugar,4.95,kg,EOD-2026-09-27,RAW-20260925-002
USG-0003,2026-09-27,Chai,Milk,24.75,L,EOD-2026-09-27,RAW-20260926-001
USG-0004,2026-09-27,Rice with Chicken,Rice,33.6,kg,EOD-2026-09-27,RAW-20260901-001
USG-0005,2026-09-27,Rice with Chicken,Chicken,1.0,kg,EOD-2026-09-27,RAW-20260927-001
USG-0006,2026-09-27,Rice with Tomato,Rice,22.56,kg,EOD-2026-09-27,RAW-20260901-001
USG-0007,2026-09-27,Rice with Tomato,Tomato,9.0,kg,EOD-2026-09-27,RAW-20260925-003
USG-0008,2026-09-27,Rice with Dal,Rice,3.84,kg,EOD-2026-09-27,RAW-20260901-001
USG-0009,2026-09-27,Rice with Dal,Rice,16.56,kg,EOD-2026-09-27,RAW-20260910-001
USG-0010,2026-09-27,Rice with Dal,Dal,10.2,kg,EOD-2026-09-27,RAW-20260920-001
